dataset,method,alpha,param,declared_T,path,error,shape,runs,T,regret_mean,regret_std,time_mean,time_std
Amazon,FastPRB,0.85,eps0.000125,5000,results/online_link_prediction/Amazon_fashion_FastPRB_alpha0.85_eps0.000125_T5000_lr10.1_lr20.01_202601252056,,10x5000x5,10,5000,1278.6,343.93057438965786,929.227374958992,8.586635148148112
Amazon,FastPRB,0.85,eps0.000125,5000,results/online_link_prediction/Amazon_fashion_FastPRB_alpha0.85_eps0.000125_T5000_lr10.1_lr20.01_202601260241,,10x5000x5,10,5000,1345.7,278.3508756946886,1304.900956106186,126.72877721623097
Amazon,FastPRB,0.85,eps0.000125,5000,results/online_link_prediction/Amazon_fashion_FastPRB_alpha0.85_eps0.000125_T5000_lr10.1_lr20.01_202601261331,,10x5000x5,10,5000,1074.3,360.8379276073955,1566.3272928237916,77.99531433466544
Amazon,FastPRB,0.85,eps0.000125,5000,results/online_link_prediction/Amazon_fashion_FastPRB_alpha0.85_eps0.000125_T5000_lr10.1_lr20.01_202601291452,,10x5000x5,10,5000,2096.8,953.1630290773977,3286.916536092758,58.60474194667634
Amazon,FastPRB,0.85,eps0.000125,5000,results/online_link_prediction/Amazon_fashion_FastPRB_alpha0.85_eps0.000125_T5000_lr10.1_lr20.01_202601291742,,10x5000x5,10,5000,2096.8,953.1630290773977,959.1424022674561,52.4602825240049
Amazon,PRB,0.85,powT50,5000,results/online_link_prediction/Amazon_fashion_PRB_alpha0.85_powT50_T5000_lr10.1_lr20.01_202601252116,,10x5000x5,10,5000,1188.9,362.30855634389866,1019.5389380693435,19.28084216701914
Amazon,PRB,0.85,powT50,5000,results/online_link_prediction/Amazon_fashion_PRB_alpha0.85_powT50_T5000_lr10.1_lr20.01_202601260241,,10x5000x5,10,5000,892.4,386.1243841043971,1386.9774978876114,69.64319278174526
Amazon,PRB,0.85,powT50,5000,results/online_link_prediction/Amazon_fashion_PRB_alpha0.85_powT50_T5000_lr10.1_lr20.01_202601261332,,10x5000x5,10,5000,1014.8,368.094770405666,1614.4534171819687,75.4104626541488
Amazon,PRB,0.85,powT50,5000,results/online_link_prediction/Amazon_fashion_PRB_alpha0.85_powT50_T5000_lr10.1_lr20.01_202601291452,,10x5000x5,10,5000,2096.5,952.9245772882553,1494.7454678058625,56.550015413508795
Collab,FastPRB,0.6,eps4.24e-06,5000,results/online_link_prediction/Collab_FastPRB_alpha0.6_eps4.24e-06_T5000_lr10.01_lr20.004_202601282329,,10x5000x5,10,5000,1815.3,89.28611314196625,1145.01639316082,19.956515539056667
Collab,FastPRB,0.7,eps4.24e-06,5000,results/online_link_prediction/Collab_FastPRB_alpha0.7_eps4.24e-06_T5000_lr10.01_lr20.004_202601282329,,10x5000x5,10,5000,1920.2,97.3281048824028,1161.740235042572,18.282485095233646
Collab,FastPRB,0.85,eps0.000424,5000,results/online_link_prediction/Collab_FastPRB_alpha0.85_eps0.000424_T5000_k10_lr10.01_lr20.004_h100_ks40_202603262127,,10x5000x5,10,5000,2271.6,83.28289140033503,1287.5414593935013,8.753175047300338
Collab,FastPRB,0.85,eps0.000424,5000,results/online_link_prediction/Collab_FastPRB_alpha0.85_eps0.000424_T5000_k10_lr10.01_lr20.004_h100_ks40_202603262321,,10x5000x5,10,5000,2271.6,83.28289140033503,706.1144265174865,68.4325758435729
Collab,FastPRB,0.85,eps0.000424,5000,results/online_link_prediction/Collab_FastPRB_alpha0.85_eps0.000424_T5000_k10_lr10.01_lr20.004_h100_ks40_202603301915,,10x5000x5,10,5000,2271.6,83.28289140033503,949.2133932828904,185.41553415460152
Collab,FastPRB,0.85,eps0.000424,5000,results/online_link_prediction/Collab_FastPRB_alpha0.85_eps0.000424_T5000_lr10.01_lr20.004_202601291248,,10x5000x5,10,5000,2271.6,83.28289140033503,2961.4683834314346,22.944348376122765
Collab,FastPRB,0.85,eps0.000424,5000,results/online_link_prediction/Collab_FastPRB_alpha0.85_eps0.000424_T5000_lr10.01_lr20.004_202601291520,,10x5000x5,10,5000,2271.6,83.28289140033503,3256.5351264476776,9.288512473998935
Collab,FastPRB,0.85,eps0.000424,5000,results/online_link_prediction/Collab_FastPRB_alpha0.85_eps0.000424_T5000_lr10.01_lr20.004_h100_ks40_202603262012,,10x5000x5,10,5000,2271.6,83.28289140033503,2927.317620396614,16.692923610351652
Collab,FastPRB,0.85,eps0.00424,5000,results/online_link_prediction/Collab_FastPRB_alpha0.85_eps0.00424_T5000_k10_lr10.01_lr20.004_h100_ks40_202603262127,,10x5000x5,10,5000,2504.8,152.8821768552502,1280.7124314546586,10.86283076319601
Collab,FastPRB,0.85,eps0.00424,5000,results/online_link_prediction/Collab_FastPRB_alpha0.85_eps0.00424_T5000_k10_lr10.01_lr20.004_h100_ks40_202603262321,,10x5000x5,10,5000,2504.8,152.8821768552502,733.1268140792847,31.665940072290198
Collab,FastPRB,0.85,eps0.00424,5000,results/online_link_prediction/Collab_FastPRB_alpha0.85_eps0.00424_T5000_k10_lr10.01_lr20.004_h100_ks40_202603271152,,10x5000x5,10,5000,2504.8,152.8821768552502,920.235588312149,174.7414264767088
Collab,FastPRB,0.85,eps0.00424,5000,results/online_link_prediction/Collab_FastPRB_alpha0.85_eps0.00424_T5000_k10_lr10.01_lr20.004_h100_ks40_202603271326,,10x5000x5,10,5000,2504.8,152.8821768552502,766.3673277616501,75.50564009342968
Collab,FastPRB,0.85,eps0.00424,5000,results/online_link_prediction/Collab_FastPRB_alpha0.85_eps0.00424_T5000_k10_lr10.01_lr20.004_h100_ks40_202603271327,,10x5000x5,10,5000,2504.8,152.8821768552502,848.4746525526047,123.09612582759317
Collab,FastPRB,0.85,eps0.00424,5000,results/online_link_prediction/Collab_FastPRB_alpha0.85_eps0.00424_T5000_k10_lr10.01_lr20.004_h100_ks40_202603301915,,10x5000x5,10,5000,2504.8,152.8821768552502,1066.3798363924027,50.557937136221796
Collab,FastPRB,0.85,eps0.00424,5000,results/online_link_prediction/Collab_FastPRB_alpha0.85_eps0.00424_T5000_lr10.01_lr20.004_202601291249,,10x5000x5,10,5000,2504.8,152.8821768552502,2956.62550265789,15.377628312289081
Collab,FastPRB,0.85,eps0.00424,5000,results/online_link_prediction/Collab_FastPRB_alpha0.85_eps0.00424_T5000_lr10.01_lr20.004_h100_ks40_202603262012,,10x5000x5,10,5000,2504.8,152.8821768552502,2924.209445095062,27.560521852082918
Collab,FastPRB,0.85,eps0.0424,5000,results/online_link_prediction/Collab_FastPRB_alpha0.85_eps0.0424_T5000_k10_lr10.01_lr20.004_h100_ks40_202603262126,,10x5000x5,10,5000,4568.2,34.902148930975585,1390.000415611267,12.255118012502459
Collab,FastPRB,0.85,eps0.0424,5000,results/online_link_prediction/Collab_FastPRB_alpha0.85_eps0.0424_T5000_k10_lr10.01_lr20.004_h100_ks40_202603262208,,10x5000x5,10,5000,4568.2,34.902148930975585,1144.3577137231828,7.264163031445211
Collab,FastPRB,0.85,eps0.0424,5000,results/online_link_prediction/Collab_FastPRB_alpha0.85_eps0.0424_T5000_k10_lr10.01_lr20.004_h100_ks40_202603262252,,10x5000x5,10,5000,4568.2,34.902148930975585,654.182384777069,66.4373839232945
Collab,FastPRB,0.85,eps0.0424,5000,results/online_link_prediction/Collab_FastPRB_alpha0.85_eps0.0424_T5000_k10_lr10.01_lr20.004_h100_ks40_202603301915,,10x5000x5,10,5000,4568.2,34.902148930975585,987.5282717227935,80.01062019522237
Collab,FastPRB,0.85,eps0.0424,5000,results/online_link_prediction/Collab_FastPRB_alpha0.85_eps0.0424_T5000_k10_lr10.01_lr20.004_h100_ks40_202603311341,,10x5000x5,10,5000,4568.2,34.902148930975585,949.8206135511398,26.62136418190746
Collab,FastPRB,0.85,eps0.0424,5000,results/online_link_prediction/Collab_FastPRB_alpha0.85_eps0.0424_T5000_lr10.01_lr20.004_202601291249,,10x5000x5,10,5000,4568.2,34.902148930975585,2781.1280520915984,11.940718655507073
Collab,FastPRB,0.85,eps0.0424,5000,results/online_link_prediction/Collab_FastPRB_alpha0.85_eps0.0424_T5000_lr10.01_lr20.004_h100_ks40_202603262012,,10x5000x5,10,5000,4568.2,34.902148930975585,2807.2443496465685,21.274972160997574
Collab,FastPRB,0.85,eps4.24e-05,5000,results/online_link_prediction/Collab_FastPRB_alpha0.85_eps4.24e-05_T5000_k10_lr10.01_lr20.004_h100_ks40_202603262209,,10x5000x5,10,5000,2195.8,105.31172774197564,1249.992828989029,8.083803615081134
Collab,FastPRB,0.85,eps4.24e-05,5000,results/online_link_prediction/Collab_FastPRB_alpha0.85_eps4.24e-05_T5000_k10_lr10.01_lr20.004_h100_ks40_202603262321,,10x5000x5,10,5000,2195.8,105.31172774197564,745.9270627975463,33.98445585925761
Collab,FastPRB,0.85,eps4.24e-05,5000,results/online_link_prediction/Collab_FastPRB_alpha0.85_eps4.24e-05_T5000_k10_lr10.01_lr20.004_h100_ks40_202603301915,,10x5000x5,10,5000,2195.8,105.31172774197564,1036.5905104398728,99.54349070212963
Collab,FastPRB,0.85,eps4.24e-05,5000,results/online_link_prediction/Collab_FastPRB_alpha0.85_eps4.24e-05_T5000_lr10.01_lr20.004_202601291248,,10x5000x5,10,5000,2195.8,105.31172774197564,2983.245262479782,22.53701525371717
Collab,FastPRB,0.85,eps4.24e-05,5000,results/online_link_prediction/Collab_FastPRB_alpha0.85_eps4.24e-05_T5000_lr10.01_lr20.004_h100_ks40_202603262013,,10x5000x5,10,5000,2195.8,105.31172774197564,1626.996287059784,5.173032533456234
Collab,FastPRB,0.85,eps4.24e-06,10000,results/online_link_prediction/Collab_FastPRB_alpha0.85_eps4.24e-06_T10000_lr10.01_lr20.004_h128_ks50_202603241606,,10x10000x5,10,10000,3453.1,132.0927325782914,6882.959994745254,19.320832028307613
Collab,FastPRB,0.85,eps4.24e-06,10000,results/online_link_prediction/Collab_FastPRB_alpha0.85_eps4.24e-06_T10000_lr10.01_lr20.004_h256_ks113_202603241607,,10x10000x5,10,10000,3262.3,100.97727467108626,6917.570103240013,13.957981877880954
Collab,FastPRB,0.85,eps4.24e-06,10000,results/online_link_prediction/Collab_FastPRB_alpha0.85_eps4.24e-06_T10000_lr10.01_lr20.004_h80_ks30_202603241606,,10x10000x5,10,10000,3480.9,67.2375639059001,6854.488273477555,36.25193237217703
Collab,FastPRB,0.85,eps4.24e-06,10000,results/online_link_prediction/Collab_FastPRB_alpha0.85_eps4.24e-06_T10000_lr10.01_lr20.004_h80_ks30_202603241607,,10x10000x5,10,10000,3480.9,67.2375639059001,6904.2990861415865,12.425363670521083
Collab,FastPRB,0.85,eps4.24e-06,5000,results/online_link_prediction/Collab_FastPRB_alpha0.85_eps4.24e-06_T5000_k10_lr10.01_lr20.004_h100_ks40_202603270208,,10x5000x5,10,5000,2194.7,129.49752893395302,861.2909656524658,41.77625375756538
Collab,FastPRB,0.85,eps4.24e-06,5000,results/online_link_prediction/Collab_FastPRB_alpha0.85_eps4.24e-06_T5000_k10_lr10.01_lr20.004_h100_ks40_202603280035,,10x5000x5,10,5000,2194.7,129.49752893395302,628.5016085386276,36.35327296075406
Collab,FastPRB,0.85,eps4.24e-06,5000,results/online_link_prediction/Collab_FastPRB_alpha0.85_eps4.24e-06_T5000_k10_lr10.01_lr20.004_h100_ks40_202603310116,,10x5000x5,10,5000,2194.7,129.49752893395302,1107.8466168165207,19.819735281491685
Collab,FastPRB,0.85,eps4.24e-06,5000,results/online_link_prediction/Collab_FastPRB_alpha0.85_eps4.24e-06_T5000_lr10.01_lr20.004_202601240129,,10x5000x5,10,5000,2353.4,85.07196953168534,2159.9723596572876,211.9633034226609
Collab,FastPRB,0.85,eps4.24e-06,5000,results/online_link_prediction/Collab_FastPRB_alpha0.85_eps4.24e-06_T5000_lr10.01_lr20.004_202601242113,,10x5000x5,10,5000,2353.1,85.25895847358211,1253.8992560625077,19.006530084589564
Collab,FastPRB,0.85,eps4.24e-06,5000,results/online_link_prediction/Collab_FastPRB_alpha0.85_eps4.24e-06_T5000_lr10.01_lr20.004_202601260241,,10x5000x5,10,5000,3046.2,193.6449328022812,1057.3309024572372,74.83211075310375
Collab,FastPRB,0.85,eps4.24e-06,5000,results/online_link_prediction/Collab_FastPRB_alpha0.85_eps4.24e-06_T5000_lr10.01_lr20.004_202601262150,,10x5000x5,10,5000,2805.8,121.68631804767536,1317.0872695446014,38.72007980092885
Collab,FastPRB,0.85,eps4.24e-06,5000,results/online_link_prediction/Collab_FastPRB_alpha0.85_eps4.24e-06_T5000_lr10.01_lr20.004_202601272106,,10x5000x5,10,5000,2189.6,84.37914434266325,1237.9781621456145,30.62176237561044
Collab,FastPRB,0.85,eps4.24e-06,5000,results/online_link_prediction/Collab_FastPRB_alpha0.85_eps4.24e-06_T5000_lr10.01_lr20.004_202601290028,,10x5000x5,10,5000,2194.7,129.49752893395302,2814.6936571598053,182.1979697598673
Collab,FastPRB,0.85,eps4.24e-06,5000,results/online_link_prediction/Collab_FastPRB_alpha0.85_eps4.24e-06_T5000_lr10.01_lr20.004_202601291248,,10x5000x5,10,5000,2194.7,129.49752893395302,1676.9624225616456,115.57544659108885
Collab,FastPRB,0.85,eps4.24e-06,5000,results/online_link_prediction/Collab_FastPRB_alpha0.85_eps4.24e-06_T5000_lr10.01_lr20.004_h100_ks40_202603250052,,10x5000x5,10,5000,2194.7,129.49752893395302,2131.261305832863,22.565056800318697
Collab,FastPRB,0.85,eps4.24e-06,5000,results/online_link_prediction/Collab_FastPRB_alpha0.85_eps4.24e-06_T5000_lr10.01_lr20.004_h100_ks40_202603262013,,10x5000x5,10,5000,2194.7,129.49752893395302,1639.455324268341,12.306496097168987
Collab,FastPRB,0.85,eps4.24e-07,5000,results/online_link_prediction/Collab_FastPRB_alpha0.85_eps4.24e-07_T5000_k10_lr10.01_lr20.004_h100_ks40_202603270208,,10x5000x5,10,5000,2195.9,109.40516441192344,955.5330033063889,45.15142329287132
Collab,FastPRB,0.85,eps4.24e-07,5000,results/online_link_prediction/Collab_FastPRB_alpha0.85_eps4.24e-07_T5000_k10_lr10.01_lr20.004_h100_ks40_202603310116,,10x5000x5,10,5000,2195.9,109.40516441192344,1168.7425211429595,57.862275060381045
Collab,FastPRB,0.85,eps4.24e-07,5000,results/online_link_prediction/Collab_FastPRB_alpha0.85_eps4.24e-07_T5000_lr10.01_lr20.004_202601291248,,10x5000x5,10,5000,2195.9,109.40516441192344,2832.927720379829,183.72478877991477
Collab,FastPRB,0.85,eps4.24e-07,5000,results/online_link_prediction/Collab_FastPRB_alpha0.85_eps4.24e-07_T5000_lr10.01_lr20.004_h100_ks40_202603262013,,10x5000x5,10,5000,2195.9,109.40516441192344,1715.0921026468277,17.942826317786963
Collab,FastPRB,0.85,eps4.24e-08,5000,results/online_link_prediction/Collab_FastPRB_alpha0.85_eps4.24e-08_T5000_lr10.01_lr20.004_202601251346,,10x5000x5,10,5000,2314.2,79.94723259750772,2799.6376666784286,355.278648707004
Collab,FastPRB,0.8,eps4.24e-06,5000,results/online_link_prediction/Collab_FastPRB_alpha0.8_eps4.24e-06_T5000_lr10.01_lr20.004_202601282329,,10x5000x5,10,5000,2067.9,148.77530036938256,1580.0593301057816,7.63388132740959
Collab,FastPRB,0.9,eps4.24e-06,5000,results/online_link_prediction/Collab_FastPRB_alpha0.9_eps4.24e-06_T5000_lr10.01_lr20.004_202601282329,,10x5000x5,10,5000,2355.5,105.6771025340873,1620.670912027359,12.802030831021023
Collab,PRB,0.6,powT50,5000,results/online_link_prediction/Collab_PRB_alpha0.6_powT50_T5000_lr10.01_lr20.004_202601290033,,10x5000x5,10,5000,1826.9,95.5201025962598,30731.762249708176,221.51306189615508
Collab,PRB,0.7,powT50,5000,results/online_link_prediction/Collab_PRB_alpha0.7_powT50_T5000_lr10.01_lr20.004_202601290033,,10x5000x5,10,5000,1917.6,99.0496845022739,30751.865112638472,171.9137629805754
Collab,PRB,0.85,powT50,5000,results/online_link_prediction/Collab_PRB_alpha0.85_powT50_T5000_k10_lr10.01_lr20.004_h100_ks40_202603301506,,10x5000x5,10,5000,2216.6,92.8657094949476,2473.01537630558,44.17948404985334
Collab,PRB,0.85,powT50,5000,results/online_link_prediction/Collab_PRB_alpha0.85_powT50_T5000_lr10.01_lr20.004_202601240132,,10x5000x5,10,5000,2314.2,79.94723259750772,7396.545134782791,767.8062573492202
Collab,PRB,0.85,powT50,5000,results/online_link_prediction/Collab_PRB_alpha0.85_powT50_T5000_lr10.01_lr20.004_202601242114,,10x5000x5,10,5000,2314.2,79.94723259750772,4663.923958301544,116.19097511608814
Collab,PRB,0.85,powT50,5000,results/online_link_prediction/Collab_PRB_alpha0.85_powT50_T5000_lr10.01_lr20.004_202601250106,,10x5000x5,10,5000,2314.2,79.94723259750772,7199.695209312439,2410.8838378155538
Collab,PRB,0.85,powT50,5000,results/online_link_prediction/Collab_PRB_alpha0.85_powT50_T5000_lr10.01_lr20.004_202601260241,,10x5000x5,10,5000,3042.2,186.05794796245604,2957.883195376396,340.4741021091852
Collab,PRB,0.85,powT50,5000,results/online_link_prediction/Collab_PRB_alpha0.85_powT50_T5000_lr10.01_lr20.004_202601262150,,10x5000x5,10,5000,2789.3,126.63810642930508,3897.999023389816,51.91005136290641
Collab,PRB,0.85,powT50,5000,results/online_link_prediction/Collab_PRB_alpha0.85_powT50_T5000_lr10.01_lr20.004_202601272106,,10x5000x5,10,5000,2187.1,68.26485186389846,3282.6612899541856,93.46556329356373
Collab,PRB,0.85,powT50,5000,results/online_link_prediction/Collab_PRB_alpha0.85_powT50_T5000_lr10.01_lr20.004_202601290026,,10x5000x5,10,5000,2199.1,114.50279472571837,29952.928479099275,483.37568536051447
Collab,PRB,0.85,powT50,5000,results/online_link_prediction/Collab_PRB_alpha0.85_powT50_T5000_lr10.01_lr20.004_h100_ks40_202603250055,,10x5000x5,10,5000,2199.1,114.50279472571837,7193.344644069672,41.70853552564297
Collab,PRB,0.85,powT50,5000,results/online_link_prediction/Collab_PRB_alpha0.85_powT50_T5000_lr10.01_lr20.004_h100_ks40_202603260000,,10x5000x5,10,5000,2199.1,114.50279472571837,1820.776277065277,54.002223375816044
Collab,PRB,0.8,powT50,5000,results/online_link_prediction/Collab_PRB_alpha0.8_powT50_T5000_lr10.01_lr20.004_202601290033,,10x5000x5,10,5000,2068.8,144.04429874174124,30739.136735510827,222.74698410147406
Collab,PRB,0.9,powT50,5000,results/online_link_prediction/Collab_PRB_alpha0.9_powT50_T5000_lr10.01_lr20.004_202601290042,,10x5000x5,10,5000,2375.7,119.7431000099797,30278.233790946008,167.75018695954876
Facebook,FastPRB,0.85,eps0.000248,10000,results/online_link_prediction/Facebook_FastPRB_alpha0.85_eps0.000248_T10000_k10_initH1_initK5_lr10.06_lr20.02_h100_ks40_202605071344,,10x10000x5,10,10000,2403.3,339.67986398961006,2045.5584838867187,16.088260017543796
Facebook,FastPRB,0.85,eps0.000248,10000,results/online_link_prediction/Facebook_FastPRB_alpha0.85_eps0.000248_T10000_lr10.06_lr20.02_202601252055,,10x10000x5,10,10000,2799.5,461.4882988765804,1947.6447907447814,5.149683300940126
Facebook,FastPRB,0.85,eps0.000248,10000,results/online_link_prediction/Facebook_FastPRB_alpha0.85_eps0.000248_T10000_lr10.06_lr20.02_202601260241,,10x10000x5,10,10000,3097.3,595.5219643304519,2243.1373100996016,296.2241306319573
Facebook,FastPRB,0.85,eps0.000248,10000,results/online_link_prediction/Facebook_FastPRB_alpha0.85_eps0.000248_T10000_lr10.06_lr20.02_202601261325,,10x10000x5,10,10000,3347.5,474.9764731015632,2134.7827038288115,23.118204634185016
Facebook,FastPRB,0.85,eps0.000248,10000,results/online_link_prediction/Facebook_FastPRB_alpha0.85_eps0.000248_T10000_lr10.06_lr20.02_202601261327,,10x10000x5,10,10000,2493.3,477.2984496098851,2146.8012787342072,27.699779494398488
Facebook,FastPRB,0.85,eps0.000248,10000,results/online_link_prediction/Facebook_FastPRB_alpha0.85_eps0.000248_T10000_lr10.06_lr20.02_202601291452,,10x10000x5,10,10000,2229.7,306.06406192168333,5461.33149843216,4.894008741848119
Facebook,FastPRB,0.85,eps0.000248,10000,results/online_link_prediction/Facebook_FastPRB_alpha0.85_eps0.000248_T10000_lr10.06_lr20.02_202601291743,,10x10000x5,10,10000,2229.7,306.06406192168333,1746.2546857118607,34.95614078630426
Facebook,PRB,0.85,powT50,10000,results/online_link_prediction/Facebook_PRB_alpha0.85_powT50_T10000_lr10.06_lr20.02_202601252130,,10x10000x5,10,10000,2993.1,408.28530465839697,2509.950584459305,6.308510675675452
Facebook,PRB,0.85,powT50,10000,results/online_link_prediction/Facebook_PRB_alpha0.85_powT50_T10000_lr10.06_lr20.02_202601260241,,10x10000x5,10,10000,3081.1,677.0656467433568,2286.209176492691,232.55203895011184
Facebook,PRB,0.85,powT50,10000,results/online_link_prediction/Facebook_PRB_alpha0.85_powT50_T10000_lr10.06_lr20.02_202601291452,,10x10000x5,10,10000,2276.9,383.465370014034,2293.000884342194,18.089522369336493
GrQc,FastPRB,0.85,eps0.000191,10000,results/online_link_prediction/Grqc_FastPRB_alpha0.85_eps0.000191_T10000_lr10.01_lr20.001_202601252247,,10x10000x5,10,10000,6185.5,627.9930334008491,3659.00778567791,3.8535168824091617
GrQc,FastPRB,0.85,eps0.000191,10000,results/online_link_prediction/Grqc_FastPRB_alpha0.85_eps0.000191_T10000_lr10.01_lr20.004_202601252055,,10x10000x5,10,10000,6106.0,425.17337640073373,1770.384300160408,12.685739478373323
GrQc,FastPRB,0.85,eps0.000191,10000,results/online_link_prediction/Grqc_FastPRB_alpha0.85_eps0.000191_T10000_lr10.01_lr20.004_202601260241,,10x10000x5,10,10000,6564.8,880.6462172745648,2055.1033313751223,273.26938166791126
GrQc,FastPRB,0.85,eps0.000191,10000,results/online_link_prediction/Grqc_FastPRB_alpha0.85_eps0.000191_T10000_lr10.01_lr20.004_202601261325,,10x10000x5,10,10000,6019.1,681.6973595372069,2018.3712801933289,55.7823796491103
GrQc,FastPRB,0.85,eps0.000191,10000,results/online_link_prediction/Grqc_FastPRB_alpha0.85_eps0.000191_T10000_lr10.01_lr20.004_202601261327,,10x10000x5,10,10000,4611.2,623.6046503995941,2094.7445673704146,39.87824786820644
GrQc,FastPRB,0.85,eps0.000191,10000,results/online_link_prediction/Grqc_FastPRB_alpha0.85_eps0.000191_T10000_lr10.01_lr20.004_202601291452,,10x10000x5,10,10000,4029.5,218.13997799578144,5445.280246305466,4.295436741768207
GrQc,FastPRB,0.85,eps0.000191,10000,results/online_link_prediction/Grqc_FastPRB_alpha0.85_eps0.000191_T10000_lr10.01_lr20.004_202601291743,,10x10000x5,10,10000,4029.5,218.13997799578144,1752.6785522937776,17.535333865092166
GrQc,FastPRB,0.85,eps0.000191,10000,results/online_link_prediction/Grqc_FastPRB_alpha0.85_eps0.000191_T10000_lr10.01_lr20.005_202601252248,,10x10000x5,10,10000,6282.4,642.1043840373619,3660.548313331604,2.338819317630048
GrQc,FastPRB,0.85,eps0.000191,10000,results/online_link_prediction/Grqc_FastPRB_alpha0.85_eps0.000191_T10000_lr10.05_lr20.05_202601252248,,10x10000x5,10,10000,6386.8,732.4045057207118,3652.8753885269166,0.9633885205298786
GrQc,FastPRB,0.85,eps0.000191,10000,results/online_link_prediction/Grqc_FastPRB_alpha0.85_eps0.000191_T10000_lr10.1_lr20.01_202601252247,,10x10000x5,10,10000,7052.1,509.86497232110383,3636.6346139907837,4.12579969521103
GrQc,PRB,0.85,powT50,10000,results/online_link_prediction/Grqc_PRB_alpha0.85_powT50_T10000_lr10.01_lr20.004_202601252130,,10x10000x5,10,10000,6160.4,393.41586139859686,2422.8685743570327,14.807582339454473
GrQc,PRB,0.85,powT50,10000,results/online_link_prediction/Grqc_PRB_alpha0.85_powT50_T10000_lr10.01_lr20.004_202601260241,,10x10000x5,10,10000,6331.9,786.9731189818366,2066.3889454603195,283.57253444555795
GrQc,PRB,0.85,powT50,10000,results/online_link_prediction/Grqc_PRB_alpha0.85_powT50_T10000_lr10.01_lr20.004_202601291452,,10x10000x5,10,10000,4201.2,307.45920054537316,5449.752326631546,7.607804588837886
MovieLens,FastPRB,0.15,eps8.33e-05,10000,results/online_link_prediction/MovieLens_FastPRB_alpha0.15_eps8.33e-05_T10000_k10_initH0_initK0_lr10.0073_lr20.0004_h100_ks40_202605111132,,10x10000x5,10,10000,2068.9,45.34853911649194,3752.9218374967577,22.223549615836173
MovieLens,FastPRB,0.15,eps8.33e-05,10000,results/online_link_prediction/MovieLens_FastPRB_alpha0.15_eps8.33e-05_T10000_k10_initH0_initK0_lr10.0073_lr20.0004_h100_ks40_202605111518,,10x10000x5,10,10000,2060.6,51.04742892644056,1799.740886926651,7.531205292147506
MovieLens,FastPRB,0.15,eps8.33e-05,10000,results/online_link_prediction/MovieLens_FastPRB_alpha0.15_eps8.33e-05_T10000_k10_initH1_initK1_lr10.0073_lr20.0004_h100_ks40_202605110944,,10x10000x5,10,10000,2069.7,36.52410163166235,4473.7356058835985,55.63236610610014
MovieLens,FastPRB,0.15,eps8.33e-05,10000,results/online_link_prediction/MovieLens_FastPRB_alpha0.15_eps8.33e-05_T10000_k10_initH1_initK3_lr10.0073_lr20.0004_h100_ks40_202605111132,,10x10000x5,10,10000,2063.9,59.89065035546033,3744.7677389144897,16.244123765944572
MovieLens,FastPRB,0.15,eps8.33e-05,10000,results/online_link_prediction/MovieLens_FastPRB_alpha0.15_eps8.33e-05_T10000_k10_initH1_initK5_lr10.0073_lr20.0004_h100_ks40_202605111132,,10x10000x5,10,10000,2052.0,44.799553569204235,3744.331963300705,12.982755853577546
MovieLens,FastPRB,0.15,eps8.33e-05,10000,results/online_link_prediction/MovieLens_FastPRB_alpha0.15_eps8.33e-05_T10000_k10_initH1_initK5_lr10.0073_lr20.0004_h100_ks40_202605111550,,10x10000x5,10,10000,2060.6,51.04742892644056,1799.2618620872497,6.484009601648749
MovieLens,FastPRB,0.6,eps8.33e-05,10000,results/online_link_prediction/MovieLens_FastPRB_alpha0.6_eps8.33e-05_T10000_lr10.0073_lr20.0004_202601280037,,10x10000x5,10,10000,2074.0,56.10347582815168,2188.1826634168624,141.0023455171244
MovieLens,FastPRB,0.7,eps8.33e-05,10000,results/online_link_prediction/MovieLens_FastPRB_alpha0.7_eps8.33e-05_T10000_lr10.0073_lr20.0004_202601280037,,10x10000x5,10,10000,2074.0,56.10347582815168,2193.8092835664747,129.03692210027745
MovieLens,FastPRB,0.85,eps0.000833,10000,results/online_link_prediction/MovieLens_FastPRB_alpha0.85_eps0.000833_T10000_lr10.0073_lr20.0004_202601270125,,10x10000x5,10,10000,2665.8,61.21568426473725,3983.6254939079286,606.3203239234724
MovieLens,FastPRB,0.85,eps0.000833,10000,results/online_link_prediction/MovieLens_FastPRB_alpha0.85_eps0.000833_T10000_lr10.0073_lr20.0004_202601272226,,10x10000x5,10,10000,2074.0,56.10347582815168,4252.502069330216,18.300305730563366
MovieLens,FastPRB,0.85,eps0.00416,10000,results/online_link_prediction/MovieLens_FastPRB_alpha0.85_eps0.00416_T10000_lr10.0073_lr20.0004_202601281620,,10x10000x5,10,10000,2074.0,56.10347582815168,2633.909301543236,176.55451624702903
MovieLens,FastPRB,0.85,eps0.00833,10000,results/online_link_prediction/MovieLens_FastPRB_alpha0.85_eps0.00833_T10000_lr10.0073_lr20.0004_202601270125,,10x10000x5,10,10000,2665.8,61.21568426473725,3946.540778923035,581.5728798295999
MovieLens,FastPRB,0.85,eps0.00833,10000,results/online_link_prediction/MovieLens_FastPRB_alpha0.85_eps0.00833_T10000_lr10.0073_lr20.0004_202601272226,,10x10000x5,10,10000,2074.7,55.40225627174402,4235.378361177444,32.71680717652066
MovieLens,FastPRB,0.85,eps0.0416,10000,results/online_link_prediction/MovieLens_FastPRB_alpha0.85_eps0.0416_T10000_lr10.0073_lr20.0004_202601281620,,10x10000x5,10,10000,2098.4,54.851071092550235,2623.70428879261,177.01734613128951
MovieLens,FastPRB,0.85,eps0.0833,10000,results/online_link_prediction/MovieLens_FastPRB_alpha0.85_eps0.0833_T10000_lr10.0073_lr20.0004_202601270125,,10x10000x5,10,10000,2861.8,57.46268354332227,3835.1916723012923,594.0018084995551
MovieLens,FastPRB,0.85,eps0.0833,10000,results/online_link_prediction/MovieLens_FastPRB_alpha0.85_eps0.0833_T10000_lr10.0073_lr20.0004_202601272226,,10x10000x5,10,10000,2428.2,61.01442452404185,3999.560775446892,22.58064855279888
MovieLens,FastPRB,0.85,eps0.416,10000,results/online_link_prediction/MovieLens_FastPRB_alpha0.85_eps0.416_T10000_lr10.0073_lr20.0004_202601281620,,10x10000x5,10,10000,7257.8,1697.7671689604556,2255.5066724061967,180.310250458353
MovieLens,FastPRB,0.85,eps0.833,10000,results/online_link_prediction/MovieLens_FastPRB_alpha0.85_eps0.833_T10000_lr10.0073_lr20.0004_202601281620,,10x10000x5,10,10000,8981.3,23.609531973336534,2091.792774438858,52.076989332040434
MovieLens,FastPRB,0.85,eps8.33e-05,10000,results/online_link_prediction/MovieLens_FastPRB_alpha0.85_eps8.33e-05_T10000_k10_initH0_initK0_lr10.0073_lr20.0004_h100_ks40_202605110943,,10x10000x5,10,10000,2898.0,78.00769192842459,4437.4929218769075,62.79563113769771
MovieLens,FastPRB,0.85,eps8.33e-05,10000,results/online_link_prediction/MovieLens_FastPRB_alpha0.85_eps8.33e-05_T10000_k10_initH1_initK1_lr10.0073_lr20.0004_h100_ks40_202605110943,,10x10000x5,10,10000,2767.4,76.25772092057302,4391.676582241058,75.0889859683042
MovieLens,FastPRB,0.85,eps8.33e-05,10000,results/online_link_prediction/MovieLens_FastPRB_alpha0.85_eps8.33e-05_T10000_k10_initH1_initK5_lr10.0073_lr20.0004_h100_ks40_202605061210,,10x10000x5,10,10000,2054.6,56.9389146366525,2785.9832459688187,46.58774694693191
MovieLens,FastPRB,0.85,eps8.33e-05,10000,results/online_link_prediction/MovieLens_FastPRB_alpha0.85_eps8.33e-05_T10000_k10_initH1_initK5_lr10.0073_lr20.0004_h100_ks40_202605071049,,10x10000x5,10,10000,2202.9,51.04204149522235,3617.706158399582,58.75367498229326
MovieLens,FastPRB,0.85,eps8.33e-05,10000,results/online_link_prediction/MovieLens_FastPRB_alpha0.85_eps8.33e-05_T10000_k10_initH2_initK5_lr10.0073_lr20.0004_h100_ks40_202605071349,,10x10000x5,10,10000,2059.8,45.39339158952546,4123.693443346024,83.15392127886274
MovieLens,FastPRB,0.85,eps8.33e-05,10000,results/online_link_prediction/MovieLens_FastPRB_alpha0.85_eps8.33e-05_T10000_k10_lr10.0073_lr20.0004_h100_ks40_202603280034,,10x10000x5,10,10000,2054.6,56.9389146366525,2083.3418373823165,102.50315470346959
MovieLens,FastPRB,0.85,eps8.33e-05,10000,results/online_link_prediction/MovieLens_FastPRB_alpha0.85_eps8.33e-05_T10000_k20_lr10.0073_lr20.0004_h100_ks40_202603262118,,10x10000x5,10,10000,3122.5,75.21602222930963,3338.1679888248445,23.40001580446891
MovieLens,FastPRB,0.85,eps8.33e-05,10000,results/online_link_prediction/MovieLens_FastPRB_alpha0.85_eps8.33e-05_T10000_k5_lr10.0073_lr20.0004_h100_ks40_202603262118,,10x10000x5,10,10000,1253.1,26.744906057041966,3284.2481268882752,10.964901632828793
MovieLens,FastPRB,0.85,eps8.33e-05,10000,results/online_link_prediction/MovieLens_FastPRB_alpha0.85_eps8.33e-05_T10000_lr10.0073_lr20.0004_202601252056,,10x10000x5,10,10000,2862.0,61.603571325045756,3227.8222001791,65.35751863584262
MovieLens,FastPRB,0.85,eps8.33e-05,10000,results/online_link_prediction/MovieLens_FastPRB_alpha0.85_eps8.33e-05_T10000_lr10.0073_lr20.0004_202601252259,,10x10000x5,10,10000,2074.0,56.10347582815168,4700.706354212761,57.47825334560236
MovieLens,FastPRB,0.85,eps8.33e-05,10000,results/online_link_prediction/MovieLens_FastPRB_alpha0.85_eps8.33e-05_T10000_lr10.0073_lr20.0004_202601260241,,10x10000x5,10,10000,2137.4,51.196093600977015,3066.729102778435,580.0934725395726
MovieLens,FastPRB,0.85,eps8.33e-05,10000,results/online_link_prediction/MovieLens_FastPRB_alpha0.85_eps8.33e-05_T10000_lr10.0073_lr20.0004_202601270125,,10x10000x5,10,10000,2665.8,61.21568426473725,3987.214973306656,631.3947175736175
MovieLens,FastPRB,0.85,eps8.33e-05,10000,results/online_link_prediction/MovieLens_FastPRB_alpha0.85_eps8.33e-05_T10000_lr10.0073_lr20.0004_202601271453,,10x10000x5,10,10000,2665.8,61.21568426473725,3239.148714566231,70.6976455708993
MovieLens,FastPRB,0.85,eps8.33e-05,10000,results/online_link_prediction/MovieLens_FastPRB_alpha0.85_eps8.33e-05_T10000_lr10.0073_lr20.0004_202601271805,,10x10000x5,10,10000,2665.8,61.21568426473725,2753.8191220283506,72.36183845996912
MovieLens,FastPRB,0.85,eps8.33e-05,10000,results/online_link_prediction/MovieLens_FastPRB_alpha0.85_eps8.33e-05_T10000_lr10.0073_lr20.0004_202601271945,,10x10000x5,10,10000,2074.0,56.10347582815168,2843.4669729471207,178.29987209956633
MovieLens,FastPRB,0.85,eps8.33e-05,10000,results/online_link_prediction/MovieLens_FastPRB_alpha0.85_eps8.33e-05_T10000_lr10.0073_lr20.0004_202601272226,,10x10000x5,10,10000,2074.0,56.10347582815168,4539.258205580712,16.51156410397621
MovieLens,FastPRB,0.85,eps8.33e-05,10000,results/online_link_prediction/MovieLens_FastPRB_alpha0.85_eps8.33e-05_T10000_lr10.0073_lr20.0004_202601282237,,10x10000x5,10,10000,2054.6,56.9389146366525,2488.8825996637343,23.141018156600794
MovieLens,FastPRB,0.85,eps8.33e-05,10000,results/online_link_prediction/MovieLens_FastPRB_alpha0.85_eps8.33e-05_T10000_lr10.0073_lr20.0004_202601291141,,10x10000x5,10,10000,2054.6,56.9389146366525,4247.038712382317,73.90487255038958
MovieLens,FastPRB,0.85,eps8.33e-05,10000,results/online_link_prediction/MovieLens_FastPRB_alpha0.85_eps8.33e-05_T10000_lr10.0073_lr20.0004_h100_ks40_202603250052,,10x10000x5,10,10000,2054.6,56.9389146366525,4281.396224188805,20.645153630869352
MovieLens,FastPRB,0.85,eps8.33e-05,10000,results/online_link_prediction/MovieLens_FastPRB_alpha0.85_eps8.33e-05_T10000_lr10.0073_lr20.0004_h100_ks40_202603261532,,10x10000x5,10,10000,2054.6,56.9389146366525,4069.3208582639695,56.92351016720537
MovieLens,FastPRB,0.85,eps8.33e-05,10000,results/online_link_prediction/MovieLens_FastPRB_alpha0.85_eps8.33e-05_T10000_lr10.0073_lr20.0004_h128_ks40_202603220013,,10x10000x5,10,10000,2068.1,46.321593236847974,4122.511011958122,19.49505738905695
MovieLens,FastPRB,0.85,eps8.33e-05,10000,results/online_link_prediction/MovieLens_FastPRB_alpha0.85_eps8.33e-05_T10000_lr10.0073_lr20.0004_h128_ks50_202603220014,,10x10000x5,10,10000,2063.3,59.30101179575269,4129.726395177841,14.951441230157933
MovieLens,FastPRB,0.85,eps8.33e-05,10000,results/online_link_prediction/MovieLens_FastPRB_alpha0.85_eps8.33e-05_T10000_lr10.0073_lr20.0004_h20_ks9_202603231522,,10x10000x5,10,10000,2187.5,58.303087396809445,3054.312496328354,28.36464905822067
MovieLens,FastPRB,0.85,eps8.33e-05,10000,results/online_link_prediction/MovieLens_FastPRB_alpha0.85_eps8.33e-05_T10000_lr10.0073_lr20.0004_h256_ks113_202603230044,,10x10000x5,10,10000,2093.9,37.72651587411697,6804.757741475105,16.822680961805773
MovieLens,FastPRB,0.85,eps8.33e-05,10000,results/online_link_prediction/MovieLens_FastPRB_alpha0.85_eps8.33e-05_T10000_lr10.0073_lr20.0004_h44_ks20_202603231522,,10x10000x5,10,10000,2097.4,77.13650238376121,3059.3800044059753,35.32494027408947
MovieLens,FastPRB,0.85,eps8.33e-05,10000,results/online_link_prediction/MovieLens_FastPRB_alpha0.85_eps8.33e-05_T10000_lr10.0073_lr20.0004_h512_ks220_202603230044,,10x10000x5,10,10000,2113.9,35.38205759986267,6869.890409517288,14.704651702938937
MovieLens,FastPRB,0.85,eps8.33e-05,10000,results/online_link_prediction/MovieLens_FastPRB_alpha0.85_eps8.33e-05_T10000_lr10.0073_lr20.0004_h80_ks30_202603230045,,10x10000x5,10,10000,2074.8,52.403816654896424,6890.376654815674,10.828639744901954
MovieLens,FastPRB,0.85,eps8.33e-05,1,results/online_link_prediction/MovieLens_FastPRB_alpha0.85_eps8.33e-05_T1_k10_initH0_initK0_lr10.0073_lr20.0004_h100_ks40_202607091409,,1x1x5,1,1,1.0,0.0,1.443979263305664,0.0
MovieLens,FastPRB,0.85,eps8.33e-05,1,results/online_link_prediction/MovieLens_FastPRB_alpha0.85_eps8.33e-05_T1_k10_initH0_initK0_lr10.0073_lr20.0004_h100_ks40_202607091427,,1x1x5,1,1,1.0,0.0,2.069788932800293,0.0
MovieLens,FastPRB,0.85,eps8.33e-05,1,results/online_link_prediction/MovieLens_FastPRB_alpha0.85_eps8.33e-05_T1_k10_initH0_initK0_lr10.0073_lr20.0004_h100_ks40_202607091430,,1x1x5,1,1,1.0,0.0,2.49949312210083,0.0
MovieLens,FastPRB,0.85,eps8.33e-05,2000,results/online_link_prediction/MovieLens_FastPRB_alpha0.85_eps8.33e-05_T2000_lr10.0073_lr20.0004_202601282224,,1x2000x5,1,2000,501.0,0.0,650.5968198776245,0.0
MovieLens,FastPRB,0.85,eps8.33e-05,500,results/online_link_prediction/MovieLens_FastPRB_alpha0.85_eps8.33e-05_T500_lr10.0073_lr20.0004_202601282219,,1x500x5,1,500,209.0,0.0,150.9640772342682,0.0
MovieLens,FastPRB,0.85,eps8.33e-06,10000,results/online_link_prediction/MovieLens_FastPRB_alpha0.85_eps8.33e-06_T10000_lr10.0073_lr20.0004_202601270126,,10x10000x5,10,10000,2665.8,61.21568426473725,3889.049080848694,752.7108500970468
MovieLens,FastPRB,0.85,eps8.33e-06,10000,results/online_link_prediction/MovieLens_FastPRB_alpha0.85_eps8.33e-06_T10000_lr10.0073_lr20.0004_202601272226,,10x10000x5,10,10000,2074.0,56.10347582815168,4530.101587772369,23.494888817381646
MovieLens,FastPRB,0.85,eps8.33e-07,10000,results/online_link_prediction/MovieLens_FastPRB_alpha0.85_eps8.33e-07_T10000_lr10.0073_lr20.0004_202601270126,,10x10000x5,10,10000,2665.8,61.21568426473725,3892.3352797746657,737.4385708072177
MovieLens,FastPRB,0.85,eps8.33e-07,10000,results/online_link_prediction/MovieLens_FastPRB_alpha0.85_eps8.33e-07_T10000_lr10.0073_lr20.0004_202601272227,,10x10000x5,10,10000,2074.0,56.10347582815168,4526.001054048538,13.341919890470974
MovieLens,FastPRB,0.85,eps8.33e-08,10000,results/online_link_prediction/MovieLens_FastPRB_alpha0.85_eps8.33e-08_T10000_lr10.0073_lr20.0004_202601270126,,10x10000x5,10,10000,2665.8,61.21568426473725,3947.048947620392,559.1084742589658
MovieLens,FastPRB,0.8,eps8.33e-05,10000,results/online_link_prediction/MovieLens_FastPRB_alpha0.8_eps8.33e-05_T10000_lr10.0073_lr20.0004_202601280037,,10x10000x5,10,10000,2074.0,56.10347582815168,2202.529884672165,169.9753406661246
MovieLens,FastPRB,0.9,eps8.33e-05,10000,results/online_link_prediction/MovieLens_FastPRB_alpha0.9_eps8.33e-05_T10000_lr10.0073_lr20.0004_202601280037,,10x10000x5,10,10000,2074.0,56.10347582815168,2164.4170512676237,150.27812858827585
MovieLens,PRB,0.6,powT50,10000,results/online_link_prediction/MovieLens_PRB_alpha0.6_powT50_T10000_lr10.0073_lr20.0004_202601280038,,10x10000x5,10,10000,2074.0,56.10347582815168,2259.926906871796,180.4095078537775
MovieLens,PRB,0.7,powT50,10000,results/online_link_prediction/MovieLens_PRB_alpha0.7_powT50_T10000_lr10.0073_lr20.0004_202601280038,,10x10000x5,10,10000,2074.0,56.10347582815168,2243.089553809166,140.9207872593437
MovieLens,PRB,0.85,powT50,10000,results/online_link_prediction/MovieLens_PRB_alpha0.85_powT50_T10000_k10_lr10.0073_lr20.0004_h100_ks40_202603280034,,10x10000x5,10,10000,2054.6,56.9389146366525,2104.5513430595397,98.69987915855513
MovieLens,PRB,0.85,powT50,10000,results/online_link_prediction/MovieLens_PRB_alpha0.85_powT50_T10000_lr10.0073_lr20.0004_202601252128,,10x10000x5,10,10000,2859.6,64.03311643204631,3144.5170882940292,18.2650751856743
MovieLens,PRB,0.85,powT50,10000,results/online_link_prediction/MovieLens_PRB_alpha0.85_powT50_T10000_lr10.0073_lr20.0004_202601260241,,10x10000x5,10,10000,2137.4,51.196093600977015,3166.48774561882,560.9681040848117
MovieLens,PRB,0.85,powT50,10000,results/online_link_prediction/MovieLens_PRB_alpha0.85_powT50_T10000_lr10.0073_lr20.0004_202601272000,,10x10000x5,10,10000,2074.0,56.10347582815168,3013.035303926468,204.17132551384054
MovieLens,PRB,0.85,powT50,10000,results/online_link_prediction/MovieLens_PRB_alpha0.85_powT50_T10000_lr10.0073_lr20.0004_202601280037,,10x10000x5,10,10000,2074.0,56.10347582815168,2217.433842897415,131.21244078763303
MovieLens,PRB,0.85,powT50,10000,results/online_link_prediction/MovieLens_PRB_alpha0.85_powT50_T10000_lr10.0073_lr20.0004_202601290025,,10x10000x5,10,10000,2054.6,56.9389146366525,7636.789668941497,103.48289474465113
MovieLens,PRB,0.85,powT50,10000,results/online_link_prediction/MovieLens_PRB_alpha0.85_powT50_T10000_lr10.0073_lr20.0004_h100_ks40_202603250055,,10x10000x5,10,10000,2054.6,56.9389146366525,4323.547387433052,26.204641516010277
MovieLens,PRB,0.8,powT50,10000,results/online_link_prediction/MovieLens_PRB_alpha0.8_powT50_T10000_lr10.0073_lr20.0004_202601280038,,10x10000x5,10,10000,2074.0,56.10347582815168,2252.6739156007766,172.84193464914688
MovieLens,PRB,0.9,powT50,10000,results/online_link_prediction/MovieLens_PRB_alpha0.9_powT50_T10000_lr10.0073_lr20.0004_202601280038,,10x10000x5,10,10000,2074.0,56.10347582815168,2225.552788066864,152.78628793294797
PPA,FastPRB,0.85,eps0.000191,5000,results/online_link_prediction/PPA_FastPRB_alpha0.85_eps0.000191_T5000_lr10.01_lr20.004_202601250049,,10x5000x5,10,5000,3347.5,191.37985787433325,8608.587314987182,827.1137895303433
PPA,FastPRB,0.85,eps1.74e-06,5000,results/online_link_prediction/PPA_FastPRB_alpha0.85_eps1.74e-06_T5000_k10_lr10.01_lr20.004_h100_ks40_202603281204,,10x5000x5,10,5000,3099.3,491.8471408883048,3810.6736887216566,996.8666475998906
PPA,FastPRB,0.85,eps1.74e-06,5000,results/online_link_prediction/PPA_FastPRB_alpha0.85_eps1.74e-06_T5000_lr10.01_lr20.004_202601251347,,10x5000x5,10,5000,3264.7,155.51144652404207,3869.182102513313,374.3318263828251
PPA,FastPRB,0.85,eps1.74e-06,5000,results/online_link_prediction/PPA_FastPRB_alpha0.85_eps1.74e-06_T5000_lr10.01_lr20.004_202601260241,,10x5000x5,10,5000,3750.5,136.4479754338627,2542.8221888303756,330.8150829220908
PPA,FastPRB,0.85,eps1.74e-06,5000,results/online_link_prediction/PPA_FastPRB_alpha0.85_eps1.74e-06_T5000_lr10.01_lr20.004_202601262150,,10x5000x5,10,5000,3566.8,205.95378122287534,4840.084988307953,455.7128807910851
PPA,FastPRB,0.85,eps1.74e-06,5000,results/online_link_prediction/PPA_FastPRB_alpha0.85_eps1.74e-06_T5000_lr10.01_lr20.004_202601291141,,10x5000x5,10,5000,3099.3,491.8471408883048,6834.197757983207,1362.0349321124568
PPA,FastPRB,0.85,eps1e-05,500,results/online_link_prediction/PPA_FastPRB_alpha0.85_eps1e-05_T500_lr10.01_lr20.004_202601241644,,1x500x5,1,500,401.0,0.0,1057.3192880153656,0.0
PPA,PRB,0.85,powT50,5000,results/online_link_prediction/PPA_PRB_alpha0.85_powT50_T5000_lr10.01_lr20.004_202601211613,,3x5000x5,3,5000,4491.0,26.166135875720485,50864.46623237928,1950.5273943084412
PPA,PRB,0.85,powT50,5000,results/online_link_prediction/PPA_PRB_alpha0.85_powT50_T5000_lr10.01_lr20.004_202601250106,,10x5000x5,10,5000,3276.1,137.30291329756992,56877.52722239494,6710.382694598016
PPA,PRB,0.85,powT50,5000,results/online_link_prediction/PPA_PRB_alpha0.85_powT50_T5000_lr10.01_lr20.004_202601262150,,10x5000x5,10,5000,3575.4,206.23782388301134,56320.733719944954,931.122443700569
Vessel,FastPRB,0.85,eps2.86e-07,5000,results/online_link_prediction/Vessel_FastPRB_alpha0.85_eps2.86e-07_T5000_lr10.01_lr20.004_202601241940,,10x5000x5,10,5000,370.9,29.13914892374175,2819.1025771617888,99.23598366255976
Vessel,FastPRB,0.85,eps2.86e-07,5000,results/online_link_prediction/Vessel_FastPRB_alpha0.85_eps2.86e-07_T5000_lr10.01_lr20.004_202601242113,,10x5000x5,10,5000,370.9,29.13914892374175,3144.8462472200395,133.53068863781672
Vessel,FastPRB,0.85,eps2.86e-07,5000,results/online_link_prediction/Vessel_FastPRB_alpha0.85_eps2.86e-07_T5000_lr10.01_lr20.004_202601260241,,10x5000x5,10,5000,551.8,79.87590375075577,2119.2555948257445,220.7876859215364
Vessel,FastPRB,0.85,eps2.86e-07,5000,results/online_link_prediction/Vessel_FastPRB_alpha0.85_eps2.86e-07_T5000_lr10.01_lr20.004_202601261824,,10x5000x5,10,5000,4351.6,34.261348484845136,1305.2308443784714,39.91935637090003
Vessel,FastPRB,0.85,eps2.86e-07,5000,results/online_link_prediction/Vessel_FastPRB_alpha0.85_eps2.86e-07_T5000_lr10.01_lr20.004_202601270100,,10x5000x5,10,5000,991.5,146.2048220818999,3430.446917772293,82.37783062676077
Vessel,FastPRB,0.85,eps2.86e-07,5000,results/online_link_prediction/Vessel_FastPRB_alpha0.85_eps2.86e-07_T5000_lr10.01_lr20.004_202601271451,,10x5000x5,10,5000,4453.1,29.16316169416478,1714.5755023479462,74.57704998740859
Vessel,FastPRB,0.85,eps2.86e-07,5000,results/online_link_prediction/Vessel_FastPRB_alpha0.85_eps2.86e-07_T5000_lr10.01_lr20.004_202601272000,,10x5000x5,10,5000,4404.2,37.41336659537604,1276.0277568101883,87.48505797638981
Vessel,FastPRB,0.85,eps2.86e-07,5000,results/online_link_prediction/Vessel_FastPRB_alpha0.85_eps2.86e-07_T5000_lr10.01_lr20.004_202601290028,,10x5000x5,10,5000,4406.7,18.894708253900085,3714.0606068849565,1046.5611861787122
Vessel,PRB,0.85,powT50,5000,results/online_link_prediction/Vessel_PRB_alpha0.85_powT50_T5000_lr10.01_lr20.004_202601250107,,10x5000x5,10,5000,370.9,29.13914892374175,20354.66203160286,4841.019408544322
Vessel,PRB,0.85,powT50,5000,results/online_link_prediction/Vessel_PRB_alpha0.85_powT50_T5000_lr10.01_lr20.004_202601262346,,10x5000x5,10,5000,991.5,146.2048220818999,25225.764809322358,1308.3322783647552
Vessel,PRB,0.85,powT50,5000,results/online_link_prediction/Vessel_PRB_alpha0.85_powT50_T5000_lr10.01_lr20.004_202601270100,,10x5000x5,10,5000,991.5,146.2048220818999,25251.419553232194,919.5194595760538
Vessel,PRB,0.85,powT50,5000,results/online_link_prediction/Vessel_PRB_alpha0.85_powT50_T5000_lr10.01_lr20.004_202601271451,,10x5000x5,10,5000,4455.5,28.570089254323307,15111.791514253617,714.294872439523
Vessel,PRB,0.85,powT50,5000,results/online_link_prediction/Vessel_PRB_alpha0.85_powT50_T5000_lr10.01_lr20.004_202601272000,,10x5000x5,10,5000,4403.8,37.57339484262767,17790.783420944215,354.1146086965594
