target_id,rank,table,dataset,method,alpha_hint,param_hint,paper_regret_mean,paper_regret_std,paper_time_mean,paper_time_std,computed_regret_mean,computed_regret_std,computed_time_mean,computed_time_std,score,status,fallback_used,runs,T,alpha,param,shape,path
1,1,table1,MovieLens,PRB,alpha0.85,powT50,2054,56.9,7636,103.4,2054.6000,56.9389,7636.7897,103.4829,0.7262,confirmed,False,10,10000,0.85,powT50,10x10000x5,results/online_link_prediction/MovieLens_PRB_alpha0.85_powT50_T10000_lr10.0073_lr20.0004_202601290025
1,2,table1,MovieLens,PRB,alpha0.85,powT50,2054,56.9,7636,103.4,2054.6000,56.9389,4323.5474,26.2046,339.6037,candidate,False,10,10000,0.85,powT50,10x10000x5,results/online_link_prediction/MovieLens_PRB_alpha0.85_powT50_T10000_lr10.0073_lr20.0004_h100_ks40_202603250055
1,3,table1,MovieLens,PRB,alpha0.85,powT50,2054,56.9,7636,103.4,2074.0000,56.1035,3013.0353,204.1713,493.1701,candidate,False,10,10000,0.85,powT50,10x10000x5,results/online_link_prediction/MovieLens_PRB_alpha0.85_powT50_T10000_lr10.0073_lr20.0004_202601272000
1,4,table1,MovieLens,PRB,alpha0.85,powT50,2054,56.9,7636,103.4,2054.6000,56.9389,2104.5513,98.6999,554.2538,candidate,False,10,10000,0.85,powT50,10x10000x5,results/online_link_prediction/MovieLens_PRB_alpha0.85_powT50_T10000_k10_lr10.0073_lr20.0004_h100_ks40_202603280034
1,5,table1,MovieLens,PRB,alpha0.85,powT50,2054,56.9,7636,103.4,2074.0000,56.1035,2217.4338,131.2124,565.4344,candidate,False,10,10000,0.85,powT50,10x10000x5,results/online_link_prediction/MovieLens_PRB_alpha0.85_powT50_T10000_lr10.0073_lr20.0004_202601280037
2,1,table1,MovieLens,FastPRB,alpha0.85,eps8.33e-05,2054,56.9,4247,73.9,2054.6000,56.9389,4247.0387,73.9049,0.6433,confirmed,False,10,10000,0.85,eps8.33e-05,10x10000x5,results/online_link_prediction/MovieLens_FastPRB_alpha0.85_eps8.33e-05_T10000_lr10.0073_lr20.0004_202601291141
2,2,table1,MovieLens,FastPRB,alpha0.85,eps8.33e-05,2054,56.9,4247,73.9,2054.6000,56.9389,4281.3962,20.6452,9.4040,candidate,False,10,10000,0.85,eps8.33e-05,10x10000x5,results/online_link_prediction/MovieLens_FastPRB_alpha0.85_eps8.33e-05_T10000_lr10.0073_lr20.0004_h100_ks40_202603250052
2,3,table1,MovieLens,FastPRB,alpha0.85,eps8.33e-05,2054,56.9,4247,73.9,2054.6000,56.9389,4069.3209,56.9235,20.1045,candidate,False,10,10000,0.85,eps8.33e-05,10x10000x5,results/online_link_prediction/MovieLens_FastPRB_alpha0.85_eps8.33e-05_T10000_lr10.0073_lr20.0004_h100_ks40_202603261532
2,4,table1,MovieLens,FastPRB,alpha0.85,eps8.33e-05,2054,56.9,4247,73.9,2063.3000,59.3010,4129.7264,14.9514,29.3232,candidate,False,10,10000,0.85,eps8.33e-05,10x10000x5,results/online_link_prediction/MovieLens_FastPRB_alpha0.85_eps8.33e-05_T10000_lr10.0073_lr20.0004_h128_ks50_202603220014
2,5,table1,MovieLens,FastPRB,alpha0.85,eps8.33e-05,2054,56.9,4247,73.9,2059.8000,45.3934,4123.6934,83.1539,30.5627,candidate,False,10,10000,0.85,eps8.33e-05,10x10000x5,results/online_link_prediction/MovieLens_FastPRB_alpha0.85_eps8.33e-05_T10000_k10_initH2_initK5_lr10.0073_lr20.0004_h100_ks40_202605071349
3,1,table1,Collab,PRB,alpha0.85,powT50,2199,114.5,29952,483.3,2199.1000,114.5028,29952.9285,483.3757,0.2032,confirmed,False,10,5000,0.85,powT50,10x5000x5,results/online_link_prediction/Collab_PRB_alpha0.85_powT50_T5000_lr10.01_lr20.004_202601290026
3,2,table1,Collab,PRB,alpha0.85,powT50,2199,114.5,29952,483.3,2199.1000,114.5028,7193.3446,41.7085,2320.1275,candidate,False,10,5000,0.85,powT50,10x5000x5,results/online_link_prediction/Collab_PRB_alpha0.85_powT50_T5000_lr10.01_lr20.004_h100_ks40_202603250055
3,3,table1,Collab,PRB,alpha0.85,powT50,2199,114.5,29952,483.3,2314.2000,79.9472,7396.5451,767.8063,2433.7489,candidate,False,10,5000,0.85,powT50,10x5000x5,results/online_link_prediction/Collab_PRB_alpha0.85_powT50_T5000_lr10.01_lr20.004_202601240132
3,4,table1,Collab,PRB,alpha0.85,powT50,2199,114.5,29952,483.3,2314.2000,79.9472,7199.6952,2410.8838,2617.7416,candidate,False,10,5000,0.85,powT50,10x5000x5,results/online_link_prediction/Collab_PRB_alpha0.85_powT50_T5000_lr10.01_lr20.004_202601250106
3,5,table1,Collab,PRB,alpha0.85,powT50,2199,114.5,29952,483.3,2314.2000,79.9472,4663.9240,116.1910,2715.2713,candidate,False,10,5000,0.85,powT50,10x5000x5,results/online_link_prediction/Collab_PRB_alpha0.85_powT50_T5000_lr10.01_lr20.004_202601242114
4,1,table1,Collab,FastPRB,alpha0.85,eps4.24e-06,2194,129.5,1676,115.5,2194.7000,129.4975,1676.9624,115.5754,0.8063,confirmed,False,10,5000,0.85,eps4.24e-06,10x5000x5,results/online_link_prediction/Collab_FastPRB_alpha0.85_eps4.24e-06_T5000_lr10.01_lr20.004_202601291248
4,2,table1,Collab,FastPRB,alpha0.85,eps4.24e-06,2194,129.5,1676,115.5,2194.7000,129.4975,1639.4553,12.3065,14.6763,candidate,False,10,5000,0.85,eps4.24e-06,10x5000x5,results/online_link_prediction/Collab_FastPRB_alpha0.85_eps4.24e-06_T5000_lr10.01_lr20.004_h100_ks40_202603262013
4,3,table1,Collab,FastPRB,alpha0.85,eps4.24e-06,2194,129.5,1676,115.5,2194.7000,129.4975,2131.2613,22.5651,55.5221,candidate,False,10,5000,0.85,eps4.24e-06,10x5000x5,results/online_link_prediction/Collab_FastPRB_alpha0.85_eps4.24e-06_T5000_lr10.01_lr20.004_h100_ks40_202603250052
4,4,table1,Collab,FastPRB,alpha0.85,eps4.24e-06,2194,129.5,1676,115.5,2194.7000,129.4975,1107.8466,19.8197,67.0858,candidate,False,10,5000,0.85,eps4.24e-06,10x5000x5,results/online_link_prediction/Collab_FastPRB_alpha0.85_eps4.24e-06_T5000_k10_lr10.01_lr20.004_h100_ks40_202603310116
4,5,table1,Collab,FastPRB,alpha0.85,eps4.24e-06,2194,129.5,1676,115.5,2194.7000,129.4975,861.2910,41.7763,89.5457,candidate,False,10,5000,0.85,eps4.24e-06,10x5000x5,results/online_link_prediction/Collab_FastPRB_alpha0.85_eps4.24e-06_T5000_k10_lr10.01_lr20.004_h100_ks40_202603270208
5,1,table1,PPA,PRB,alpha0.85,powT50,3276,137.3,56877,6710.3,3276.1000,137.3029,56877.5272,6710.3827,0.1639,confirmed,False,10,5000,0.85,powT50,10x5000x5,results/online_link_prediction/PPA_PRB_alpha0.85_powT50_T5000_lr10.01_lr20.004_202601250106
5,2,table1,PPA,PRB,alpha0.85,powT50,3276,137.3,56877,6710.3,3575.4000,206.2378,56320.7337,931.1224,1001.8822,candidate,False,10,5000,0.85,powT50,10x5000x5,results/online_link_prediction/PPA_PRB_alpha0.85_powT50_T5000_lr10.01_lr20.004_202601262150
5,3,table1,PPA,PRB,alpha0.85,powT50,3276,137.3,56877,6710.3,4491.0000,26.1661,50864.4662,1950.5274,2403.3645,candidate,False,3,5000,0.85,powT50,3x5000x5,results/online_link_prediction/PPA_PRB_alpha0.85_powT50_T5000_lr10.01_lr20.004_202601211613
6,1,table1,PPA,FastPRB,alpha0.85,eps1.74e-06,3264,155.5,3869,374.3,3264.7000,155.5114,3869.1821,374.3318,0.7328,confirmed,False,10,5000,0.85,eps1.74e-06,10x5000x5,results/online_link_prediction/PPA_FastPRB_alpha0.85_eps1.74e-06_T5000_lr10.01_lr20.004_202601251347
6,2,table1,PPA,FastPRB,alpha0.85,eps1.74e-06,3264,155.5,3869,374.3,3566.8000,205.9538,4840.0850,455.7129,458.5036,candidate,False,10,5000,0.85,eps1.74e-06,10x5000x5,results/online_link_prediction/PPA_FastPRB_alpha0.85_eps1.74e-06_T5000_lr10.01_lr20.004_202601262150
6,3,table1,PPA,FastPRB,alpha0.85,eps1.74e-06,3264,155.5,3869,374.3,3099.3000,491.8471,3810.6737,996.8666,569.1364,candidate,False,10,5000,0.85,eps1.74e-06,10x5000x5,results/online_link_prediction/PPA_FastPRB_alpha0.85_eps1.74e-06_T5000_k10_lr10.01_lr20.004_h100_ks40_202603281204
6,4,table1,PPA,FastPRB,alpha0.85,eps1.74e-06,3264,155.5,3869,374.3,3750.5000,136.4480,2542.8222,330.8151,642.5183,candidate,False,10,5000,0.85,eps1.74e-06,10x5000x5,results/online_link_prediction/PPA_FastPRB_alpha0.85_eps1.74e-06_T5000_lr10.01_lr20.004_202601260241
6,5,table1,PPA,FastPRB,alpha0.85,eps1.74e-06,3264,155.5,3869,374.3,3099.3000,491.8471,6834.1978,1362.0349,896.3404,candidate,False,10,5000,0.85,eps1.74e-06,10x5000x5,results/online_link_prediction/PPA_FastPRB_alpha0.85_eps1.74e-06_T5000_lr10.01_lr20.004_202601291141
7,1,table1,Vessel,PRB,alpha0.85,powT50,4455,28.5,15111,714.2,4455.5000,28.5701,15111.7915,714.2949,0.6587,confirmed,False,10,5000,0.85,powT50,10x5000x5,results/online_link_prediction/Vessel_PRB_alpha0.85_powT50_T5000_lr10.01_lr20.004_202601271451
7,2,table1,Vessel,PRB,alpha0.85,powT50,4455,28.5,15111,714.2,4403.8000,37.5734,17790.7834,354.1146,364.2603,candidate,False,10,5000,0.85,powT50,10x5000x5,results/online_link_prediction/Vessel_PRB_alpha0.85_powT50_T5000_lr10.01_lr20.004_202601272000
7,3,table1,Vessel,PRB,alpha0.85,powT50,4455,28.5,15111,714.2,991.5000,146.2048,25251.4196,919.5195,4615.7787,candidate,False,10,5000,0.85,powT50,10x5000x5,results/online_link_prediction/Vessel_PRB_alpha0.85_powT50_T5000_lr10.01_lr20.004_202601270100
7,4,table1,Vessel,PRB,alpha0.85,powT50,4455,28.5,15111,714.2,991.5000,146.2048,25225.7648,1308.3323,4652.0945,candidate,False,10,5000,0.85,powT50,10x5000x5,results/online_link_prediction/Vessel_PRB_alpha0.85_powT50_T5000_lr10.01_lr20.004_202601262346
7,5,table1,Vessel,PRB,alpha0.85,powT50,4455,28.5,15111,714.2,370.9000,29.1391,20354.6620,4841.0194,5021.7873,candidate,False,10,5000,0.85,powT50,10x5000x5,results/online_link_prediction/Vessel_PRB_alpha0.85_powT50_T5000_lr10.01_lr20.004_202601250107
8,1,table1,Vessel,FastPRB,alpha0.85,eps2.86e-07,4404,37.4,1276,87.4,4404.2000,37.4134,1276.0278,87.4851,0.2246,confirmed,False,10,5000,0.85,eps2.86e-07,10x5000x5,results/online_link_prediction/Vessel_FastPRB_alpha0.85_eps2.86e-07_T5000_lr10.01_lr20.004_202601272000
8,2,table1,Vessel,FastPRB,alpha0.85,eps2.86e-07,4404,37.4,1276,87.4,4351.6000,34.2613,1305.2308,39.9194,63.2098,candidate,False,10,5000,0.85,eps2.86e-07,10x5000x5,results/online_link_prediction/Vessel_FastPRB_alpha0.85_eps2.86e-07_T5000_lr10.01_lr20.004_202601261824
8,3,table1,Vessel,FastPRB,alpha0.85,eps2.86e-07,4404,37.4,1276,87.4,4453.1000,29.1632,1714.5755,74.5770,102.4767,candidate,False,10,5000,0.85,eps2.86e-07,10x5000x5,results/online_link_prediction/Vessel_FastPRB_alpha0.85_eps2.86e-07_T5000_lr10.01_lr20.004_202601271451
8,4,table1,Vessel,FastPRB,alpha0.85,eps2.86e-07,4404,37.4,1276,87.4,4406.7000,18.8947,3714.0606,1046.5612,360.9275,candidate,False,10,5000,0.85,eps2.86e-07,10x5000x5,results/online_link_prediction/Vessel_FastPRB_alpha0.85_eps2.86e-07_T5000_lr10.01_lr20.004_202601290028
8,5,table1,Vessel,FastPRB,alpha0.85,eps2.86e-07,4404,37.4,1276,87.4,991.5000,146.2048,3430.4469,82.3778,3737.2517,candidate,False,10,5000,0.85,eps2.86e-07,10x5000x5,results/online_link_prediction/Vessel_FastPRB_alpha0.85_eps2.86e-07_T5000_lr10.01_lr20.004_202601270100
9,1,table3_eps,Collab,FastPRB,alpha0.85,eps10000/n,4568,34.9,2781,11.9,4568.2000,34.9021,2781.1281,11.9407,0.2190,confirmed,False,10,5000,0.85,eps0.0424,10x5000x5,results/online_link_prediction/Collab_FastPRB_alpha0.85_eps0.0424_T5000_lr10.01_lr20.004_202601291249
9,2,table3_eps,Collab,FastPRB,alpha0.85,eps10000/n,4568,34.9,2781,11.9,4568.2000,34.9021,2807.2443,21.2750,3.7641,candidate,False,10,5000,0.85,eps0.0424,10x5000x5,results/online_link_prediction/Collab_FastPRB_alpha0.85_eps0.0424_T5000_lr10.01_lr20.004_h100_ks40_202603262012
9,3,table3_eps,Collab,FastPRB,alpha0.85,eps10000/n,4568,34.9,2781,11.9,4568.2000,34.9021,1390.0004,12.2551,139.3376,candidate,False,10,5000,0.85,eps0.0424,10x5000x5,results/online_link_prediction/Collab_FastPRB_alpha0.85_eps0.0424_T5000_k10_lr10.01_lr20.004_h100_ks40_202603262126
9,4,table3_eps,Collab,FastPRB,alpha0.85,eps10000/n,4568,34.9,2781,11.9,4568.2000,34.9021,1144.3577,7.2642,164.3300,candidate,False,10,5000,0.85,eps0.0424,10x5000x5,results/online_link_prediction/Collab_FastPRB_alpha0.85_eps0.0424_T5000_k10_lr10.01_lr20.004_h100_ks40_202603262208
9,5,table3_eps,Collab,FastPRB,alpha0.85,eps10000/n,4568,34.9,2781,11.9,4568.2000,34.9021,949.8206,26.6214,184.7922,candidate,False,10,5000,0.85,eps0.0424,10x5000x5,results/online_link_prediction/Collab_FastPRB_alpha0.85_eps0.0424_T5000_k10_lr10.01_lr20.004_h100_ks40_202603311341
10,1,table3_eps,Collab,FastPRB,alpha0.85,eps1000/n,2504,152.8,2956,15.3,2504.8000,152.8822,2956.6255,15.3776,0.9525,confirmed,False,10,5000,0.85,eps0.00424,10x5000x5,results/online_link_prediction/Collab_FastPRB_alpha0.85_eps0.00424_T5000_lr10.01_lr20.004_202601291249
10,2,table3_eps,Collab,FastPRB,alpha0.85,eps1000/n,2504,152.8,2956,15.3,2504.8000,152.8822,2924.2094,27.5605,5.2873,candidate,False,10,5000,0.85,eps0.00424,10x5000x5,results/online_link_prediction/Collab_FastPRB_alpha0.85_eps0.00424_T5000_lr10.01_lr20.004_h100_ks40_202603262012
10,3,table3_eps,Collab,FastPRB,alpha0.85,eps1000/n,2504,152.8,2956,15.3,2504.8000,152.8822,1280.7124,10.8628,168.8547,candidate,False,10,5000,0.85,eps0.00424,10x5000x5,results/online_link_prediction/Collab_FastPRB_alpha0.85_eps0.00424_T5000_k10_lr10.01_lr20.004_h100_ks40_202603262127
10,4,table3_eps,Collab,FastPRB,alpha0.85,eps1000/n,2504,152.8,2956,15.3,2504.8000,152.8822,1066.3798,50.5579,193.3700,candidate,False,10,5000,0.85,eps0.00424,10x5000x5,results/online_link_prediction/Collab_FastPRB_alpha0.85_eps0.00424_T5000_k10_lr10.01_lr20.004_h100_ks40_202603301915
10,5,table3_eps,Collab,FastPRB,alpha0.85,eps1000/n,2504,152.8,2956,15.3,2504.8000,152.8822,920.2356,174.7414,220.4028,candidate,False,10,5000,0.85,eps0.00424,10x5000x5,results/online_link_prediction/Collab_FastPRB_alpha0.85_eps0.00424_T5000_k10_lr10.01_lr20.004_h100_ks40_202603271152
11,1,table3_eps,Collab,FastPRB,alpha0.85,eps100/n,2271,83.2,2961,22.9,2271.6000,83.2829,2961.4684,22.9443,0.7342,confirmed,False,10,5000,0.85,eps0.000424,10x5000x5,results/online_link_prediction/Collab_FastPRB_alpha0.85_eps0.000424_T5000_lr10.01_lr20.004_202601291248
11,2,table3_eps,Collab,FastPRB,alpha0.85,eps100/n,2271,83.2,2961,22.9,2271.6000,83.2829,2927.3176,16.6929,4.6718,candidate,False,10,5000,0.85,eps0.000424,10x5000x5,results/online_link_prediction/Collab_FastPRB_alpha0.85_eps0.000424_T5000_lr10.01_lr20.004_h100_ks40_202603262012
11,3,table3_eps,Collab,FastPRB,alpha0.85,eps100/n,2271,83.2,2961,22.9,2271.6000,83.2829,3256.5351,9.2885,31.5976,candidate,False,10,5000,0.85,eps0.000424,10x5000x5,results/online_link_prediction/Collab_FastPRB_alpha0.85_eps0.000424_T5000_lr10.01_lr20.004_202601291520
11,4,table3_eps,Collab,FastPRB,alpha0.85,eps100/n,2271,83.2,2961,22.9,2314.2000,79.9472,2799.6377,355.2786,95.8269,candidate,False,10,5000,0.85,eps4.24e-08,10x5000x5,results/online_link_prediction/Collab_FastPRB_alpha0.85_eps4.24e-08_T5000_lr10.01_lr20.004_202601251346
11,5,table3_eps,Collab,FastPRB,alpha0.85,eps100/n,2271,83.2,2961,22.9,2195.8000,105.3117,2983.2453,22.5370,99.5726,candidate,False,10,5000,0.85,eps4.24e-05,10x5000x5,results/online_link_prediction/Collab_FastPRB_alpha0.85_eps4.24e-05_T5000_lr10.01_lr20.004_202601291248
12,1,table3_eps,Collab,FastPRB,alpha0.85,eps10/n,2195,105.3,2983,22.5,2195.8000,105.3117,2983.2453,22.5370,0.8400,confirmed,False,10,5000,0.85,eps4.24e-05,10x5000x5,results/online_link_prediction/Collab_FastPRB_alpha0.85_eps4.24e-05_T5000_lr10.01_lr20.004_202601291248
12,2,table3_eps,Collab,FastPRB,alpha0.85,eps10/n,2195,105.3,2983,22.5,2195.9000,109.4052,2832.9277,183.7248,36.1349,candidate,False,10,5000,0.85,eps4.24e-07,10x5000x5,results/online_link_prediction/Collab_FastPRB_alpha0.85_eps4.24e-07_T5000_lr10.01_lr20.004_202601291248
12,3,table3_eps,Collab,FastPRB,alpha0.85,eps10/n,2195,105.3,2983,22.5,2194.7000,129.4975,2814.6937,182.1980,57.2980,candidate,False,10,5000,0.85,eps4.24e-06,10x5000x5,results/online_link_prediction/Collab_FastPRB_alpha0.85_eps4.24e-06_T5000_lr10.01_lr20.004_202601290028
12,4,table3_eps,Collab,FastPRB,alpha0.85,eps10/n,2195,105.3,2983,22.5,2271.6000,83.2829,2961.4684,22.9443,100.8147,candidate,False,10,5000,0.85,eps0.000424,10x5000x5,results/online_link_prediction/Collab_FastPRB_alpha0.85_eps0.000424_T5000_lr10.01_lr20.004_202601291248
12,5,table3_eps,Collab,FastPRB,alpha0.85,eps10/n,2195,105.3,2983,22.5,2271.6000,83.2829,2927.3176,16.6929,104.7661,candidate,False,10,5000,0.85,eps0.000424,10x5000x5,results/online_link_prediction/Collab_FastPRB_alpha0.85_eps0.000424_T5000_lr10.01_lr20.004_h100_ks40_202603262012
13,1,table3_eps,Collab,FastPRB,alpha0.85,eps1/n,2195,129.5,1676,115.5,2194.7000,129.4975,1676.9624,115.5754,0.4063,confirmed,False,10,5000,0.85,eps4.24e-06,10x5000x5,results/online_link_prediction/Collab_FastPRB_alpha0.85_eps4.24e-06_T5000_lr10.01_lr20.004_202601291248
13,2,table3_eps,Collab,FastPRB,alpha0.85,eps1/n,2195,129.5,1676,115.5,2194.7000,129.4975,1639.4553,12.3065,14.2763,candidate,False,10,5000,0.85,eps4.24e-06,10x5000x5,results/online_link_prediction/Collab_FastPRB_alpha0.85_eps4.24e-06_T5000_lr10.01_lr20.004_h100_ks40_202603262013
13,3,table3_eps,Collab,FastPRB,alpha0.85,eps1/n,2195,129.5,1676,115.5,2195.9000,109.4052,1715.0921,17.9428,34.6598,candidate,False,10,5000,0.85,eps4.24e-07,10x5000x5,results/online_link_prediction/Collab_FastPRB_alpha0.85_eps4.24e-07_T5000_lr10.01_lr20.004_h100_ks40_202603262013
13,4,table3_eps,Collab,FastPRB,alpha0.85,eps1/n,2195,129.5,1676,115.5,2195.8000,105.3117,1626.9963,5.1730,40.9213,candidate,False,10,5000,0.85,eps4.24e-05,10x5000x5,results/online_link_prediction/Collab_FastPRB_alpha0.85_eps4.24e-05_T5000_lr10.01_lr20.004_h100_ks40_202603262013
13,5,table3_eps,Collab,FastPRB,alpha0.85,eps1/n,2195,129.5,1676,115.5,2194.7000,129.4975,2131.2613,22.5651,55.1221,candidate,False,10,5000,0.85,eps4.24e-06,10x5000x5,results/online_link_prediction/Collab_FastPRB_alpha0.85_eps4.24e-06_T5000_lr10.01_lr20.004_h100_ks40_202603250052
14,1,table3_eps,Collab,FastPRB,alpha0.85,eps0.1/n,2195,109.4,2832,183.7,2195.9000,109.4052,2832.9277,183.7248,1.0004,confirmed,False,10,5000,0.85,eps4.24e-07,10x5000x5,results/online_link_prediction/Collab_FastPRB_alpha0.85_eps4.24e-07_T5000_lr10.01_lr20.004_202601291248
14,2,table3_eps,Collab,FastPRB,alpha0.85,eps0.1/n,2195,109.4,2832,183.7,2194.7000,129.4975,2814.6937,182.1980,22.2784,candidate,False,10,5000,0.85,eps4.24e-06,10x5000x5,results/online_link_prediction/Collab_FastPRB_alpha0.85_eps4.24e-06_T5000_lr10.01_lr20.004_202601290028
14,3,table3_eps,Collab,FastPRB,alpha0.85,eps0.1/n,2195,109.4,2832,183.7,2195.8000,105.3117,2983.2453,22.5370,36.1291,candidate,False,10,5000,0.85,eps4.24e-05,10x5000x5,results/online_link_prediction/Collab_FastPRB_alpha0.85_eps4.24e-05_T5000_lr10.01_lr20.004_202601291248
14,4,table3_eps,Collab,FastPRB,alpha0.85,eps0.1/n,2195,109.4,2832,183.7,2194.7000,129.4975,2131.2613,22.5651,106.5849,candidate,False,10,5000,0.85,eps4.24e-06,10x5000x5,results/online_link_prediction/Collab_FastPRB_alpha0.85_eps4.24e-06_T5000_lr10.01_lr20.004_h100_ks40_202603250052
14,5,table3_eps,Collab,FastPRB,alpha0.85,eps0.1/n,2195,109.4,2832,183.7,2271.6000,83.2829,2927.3176,16.6929,128.9496,candidate,False,10,5000,0.85,eps0.000424,10x5000x5,results/online_link_prediction/Collab_FastPRB_alpha0.85_eps0.000424_T5000_lr10.01_lr20.004_h100_ks40_202603262012
15,1,table4_alpha,Collab,PRB,alpha0.6,powT50,1826,95.5,30731,221.5,1826.9000,95.5201,30731.7622,221.5131,0.9976,confirmed,False,10,5000,0.6,powT50,10x5000x5,results/online_link_prediction/Collab_PRB_alpha0.6_powT50_T5000_lr10.01_lr20.004_202601290033
16,1,table4_alpha,Collab,FastPRB,alpha0.6,eps4.24e-06,1815,89.2,1145,19.9,1815.3000,89.2861,1145.0164,19.9565,0.3934,confirmed,False,10,5000,0.6,eps4.24e-06,10x5000x5,results/online_link_prediction/Collab_FastPRB_alpha0.6_eps4.24e-06_T5000_lr10.01_lr20.004_202601282329
17,1,table4_alpha,Collab,PRB,alpha0.7,powT50,1917,99.0,30751,171.9,1917.6000,99.0497,30751.8651,171.9138,0.7376,confirmed,False,10,5000,0.7,powT50,10x5000x5,results/online_link_prediction/Collab_PRB_alpha0.7_powT50_T5000_lr10.01_lr20.004_202601290033
18,1,table4_alpha,Collab,FastPRB,alpha0.7,eps4.24e-06,1920,97.3,1161,18.2,1920.2000,97.3281,1161.7402,18.2825,0.3104,confirmed,False,10,5000,0.7,eps4.24e-06,10x5000x5,results/online_link_prediction/Collab_FastPRB_alpha0.7_eps4.24e-06_T5000_lr10.01_lr20.004_202601282329
19,1,table4_alpha,Collab,PRB,alpha0.8,powT50,2068,144.0,30739,222.7,2068.8000,144.0443,30739.1367,222.7470,0.8627,confirmed,False,10,5000,0.8,powT50,10x5000x5,results/online_link_prediction/Collab_PRB_alpha0.8_powT50_T5000_lr10.01_lr20.004_202601290033
20,1,table4_alpha,Collab,FastPRB,alpha0.8,eps4.24e-06,2067,148.7,1580,7.63,2067.9000,148.7753,1580.0593,7.6339,0.9816,confirmed,False,10,5000,0.8,eps4.24e-06,10x5000x5,results/online_link_prediction/Collab_FastPRB_alpha0.8_eps4.24e-06_T5000_lr10.01_lr20.004_202601282329
21,1,table4_alpha,Collab,PRB,alpha0.9,powT50,2375,119.7,30278,167.7,2375.7000,119.7431,30278.2338,167.7502,0.7715,confirmed,False,10,5000,0.9,powT50,10x5000x5,results/online_link_prediction/Collab_PRB_alpha0.9_powT50_T5000_lr10.01_lr20.004_202601290042
22,1,table4_alpha,Collab,FastPRB,alpha0.9,eps4.24e-06,2355,105.6,1620,12.8,2355.5000,105.6771,1620.6709,12.8020,0.6444,confirmed,False,10,5000,0.9,eps4.24e-06,10x5000x5,results/online_link_prediction/Collab_FastPRB_alpha0.9_eps4.24e-06_T5000_lr10.01_lr20.004_202601282329
